MLB759246813;MLB; unmarshal error in safeschema object: &map[id:item_reviews/MLB759246813/reviews reviews_by_item:map[total_reviews:map[average:0 five_star:0 four_star:0 one_star:0 three_star:0 two_star:0]]] ;reviews;"item_reviews"
MLB759246813;MLB; unmarshal error in safeschema object: &map[id:item_reviews/MLB759246813/reviews reviews_by_item:map[total_reviews:map[average:0 five_star:0 four_star:0 one_star:0 three_star:0 two_star:0]]] ;reviews;"item_reviews"
MLB759246813;MLB; unmarshal error in safeschema object: &map[id:item_reviews/MLB759246813/reviews reviews_by_item:map[total_reviews:map[average:0 five_star:0 four_star:0 one_star:0 three_star:0 two_star:0]]] ;reviews;"item_reviews"
MLB759246813;MLB; unmarshal error in safeschema object: &map[id:item_reviews/MLB759246813/reviews reviews_by_item:map[total_reviews:map[average:0 five_star:0 four_star:0 one_star:0 three_star:0 two_star:0]]] ;reviews;"item_reviews"
MLB759246813;MLB; unmarshal error in safeschema object: &map[id:item_reviews/MLB759246813/reviews reviews_by_item:map[total_reviews:map[average:0 five_star:0 four_star:0 one_star:0 three_star:0 two_star:0]]] ;reviews;"item_reviews"
MLB759246813;MLB; unmarshal error in safeschema object: &map[id:item_reviews/MLB759246813/reviews reviews_by_item:map[total_reviews:map[average:0 five_star:0 four_star:0 one_star:0 three_star:0 two_star:0]]] ;reviews;"item_reviews"
MLB759246813;MLB; unmarshal error in safeschema object: &map[id:item_reviews/MLB759246813/reviews reviews_by_item:map[total_reviews:map[average:0 five_star:0 four_star:0 one_star:0 three_star:0 two_star:0]]] ;reviews;"item_reviews"
MLB759246813;MLB; unmarshal error in safeschema object: &map[id:item_reviews/MLB759246813/reviews reviews_by_item:map[total_reviews:map[average:0 five_star:0 four_star:0 one_star:0 three_star:0 two_star:0]]] ;reviews;"item_reviews"
MLB759246813;MLB; unmarshal error in safeschema object: &map[id:item_reviews/MLB759246813/reviews reviews_by_item:map[total_reviews:map[average:0 five_star:0 four_star:0 one_star:0 three_star:0 two_star:0]]] ;reviews;"item_reviews"
MLB759246813;MLB; unmarshal error in safeschema object: &map[id:item_reviews/MLB759246813/reviews reviews_by_item:map[total_reviews:map[average:0 five_star:0 four_star:0 one_star:0 three_star:0 two_star:0]]] ;reviews;"item_reviews"
MLB759246813;MLB; unmarshal error in safeschema object: &map[id:item_reviews/MLB759246813/reviews reviews_by_item:map[total_reviews:map[average:0 five_star:0 four_star:0 one_star:0 three_star:0 two_star:0]]] ;reviews;"item_reviews"
MLB759246813;MLB; unmarshal error in safeschema object: &map[id:item_reviews/MLB759246813/reviews reviews_by_item:map[total_reviews:map[average:0 five_star:0 four_star:0 one_star:0 three_star:0 two_star:0]]] ;reviews;"item_reviews"
MLB759246813;MLB; unmarshal error in safeschema object: &map[id:item_reviews/MLB759246813/reviews reviews_by_item:map[total_reviews:map[average:0 five_star:0 four_star:0 one_star:0 three_star:0 two_star:0]]] ;reviews;"item_reviews"
MLB759246813;MLB; unmarshal error in safeschema object: &map[id:item_reviews/MLB759246813/reviews reviews_by_item:map[total_reviews:map[average:0 five_star:0 four_star:0 one_star:0 three_star:0 two_star:0]]] ;reviews;"item_reviews"
MLB759246813;MLB; unmarshal error in safeschema object: &map[id:item_reviews/MLB759246813/reviews reviews_by_item:map[total_reviews:map[average:0 five_star:0 four_star:0 one_star:0 three_star:0 two_star:0]]] ;reviews;"item_reviews"
MLB759246813;MLB; unmarshal error in safeschema object: &map[id:item_reviews/MLB759246813/reviews reviews_by_item:map[total_reviews:map[average:0 five_star:0 four_star:0 one_star:0 three_star:0 two_star:0]]] ;reviews;"item_reviews"
MLB759246813;MLB; unmarshal error in safeschema object: &map[id:item_reviews/MLB759246813/reviews reviews_by_item:map[total_reviews:map[average:0 five_star:0 four_star:0 one_star:0 three_star:0 two_star:0]]] ;reviews;"item_reviews"
MLB759246813;MLB; unmarshal error in safeschema object: &map[id:item_reviews/MLB759246813/reviews reviews_by_item:map[total_reviews:map[average:0 five_star:0 four_star:0 one_star:0 three_star:0 two_star:0]]] ;reviews;"item_reviews"
MLB759246813;MLB; unmarshal error in safeschema object: &map[id:item_reviews/MLB759246813/reviews reviews_by_item:map[total_reviews:map[average:0 five_star:0 four_star:0 one_star:0 three_star:0 two_star:0]]] ;reviews;"item_reviews"
MLB759246813;MLB; unmarshal error in safeschema object: &map[id:item_reviews/MLB759246813/reviews reviews_by_item:map[total_reviews:map[average:0 five_star:0 four_star:0 one_star:0 three_star:0 two_star:0]]] ;reviews;"item_reviews"
MLB759246813;MLB; unmarshal error in safeschema object: &map[id:item_reviews/MLB759246813/reviews reviews_by_item:map[total_reviews:map[average:0 five_star:0 four_star:0 one_star:0 three_star:0 two_star:0]]] ;reviews;"item_reviews"
MLB759246813;MLB; unmarshal error in safeschema object: &map[id:item_reviews/MLB759246813/reviews reviews_by_item:map[total_reviews:map[average:0 five_star:0 four_star:0 one_star:0 three_star:0 two_star:0]]] ;reviews;"item_reviews"
MLB759246813;MLB; unmarshal error in safeschema object: &map[id:item_reviews/MLB759246813/reviews reviews_by_item:map[total_reviews:map[average:0 five_star:0 four_star:0 one_star:0 three_star:0 two_star:0]]] ;reviews;"item_reviews"
MLB759246813;MLB; unmarshal error in safeschema object: &map[id:item_reviews/MLB759246813/reviews reviews_by_item:map[total_reviews:map[average:0 five_star:0 four_star:0 one_star:0 three_star:0 two_star:0]]] ;reviews;"item_reviews"
MLB759246813;MLB; unmarshal error in safeschema object: &map[id:item_reviews/MLB759246813/reviews reviews_by_item:map[total_reviews:map[average:0 five_star:0 four_star:0 one_star:0 three_star:0 two_star:0]]] ;reviews;"item_reviews"
MLB759246813;MLB; unmarshal error in safeschema object: &map[id:item_reviews/MLB759246813/reviews reviews_by_item:map[total_reviews:map[average:0 five_star:0 four_star:0 one_star:0 three_star:0 two_star:0]]] ;reviews;"item_reviews"
MLB759246813;MLB; unmarshal error in safeschema object: &map[id:item_reviews/MLB759246813/reviews reviews_by_item:map[total_reviews:map[average:0 five_star:0 four_star:0 one_star:0 three_star:0 two_star:0]]] ;reviews;"item_reviews"
MLB759246813;MLB; unmarshal error in safeschema object: &map[id:item_reviews/MLB759246813/reviews reviews_by_item:map[total_reviews:map[average:0 five_star:0 four_star:0 one_star:0 three_star:0 two_star:0]]] ;reviews;"item_reviews"
MLB759246813;MLB; unmarshal error in safeschema object: &map[id:item_reviews/MLB759246813/reviews reviews_by_item:map[total_reviews:map[average:0 five_star:0 four_star:0 one_star:0 three_star:0 two_star:0]]] ;reviews;"item_reviews"
MLB759246813;MLB; unmarshal error in safeschema object: &map[id:item_reviews/MLB759246813/reviews reviews_by_item:map[total_reviews:map[average:0 five_star:0 four_star:0 one_star:0 three_star:0 two_star:0]]] ;reviews;"item_reviews"
MLB759246813;MLB; unmarshal error in safeschema object: &map[id:item_reviews/MLB759246813/reviews reviews_by_item:map[total_reviews:map[average:0 five_star:0 four_star:0 one_star:0 three_star:0 two_star:0]]] ;reviews;"item_reviews"
MLB759246813;MLB; unmarshal error in safeschema object: &map[id:item_reviews/MLB759246813/reviews reviews_by_item:map[total_reviews:map[average:0 five_star:0 four_star:0 one_star:0 three_star:0 two_star:0]]] ;reviews;"item_reviews"
MLB759246813;MLB; unmarshal error in safeschema object: &map[id:item_reviews/MLB759246813/reviews reviews_by_item:map[total_reviews:map[average:0 five_star:0 four_star:0 one_star:0 three_star:0 two_star:0]]] ;reviews;"item_reviews"
MLB759246813;MLB; unmarshal error in safeschema object: &map[id:item_reviews/MLB759246813/reviews reviews_by_item:map[total_reviews:map[average:0 five_star:0 four_star:0 one_star:0 three_star:0 two_star:0]]] ;reviews;"item_reviews"
MLB759246813;MLB; unmarshal error in safeschema object: &map[id:item_reviews/MLB759246813/reviews reviews_by_item:map[total_reviews:map[average:0 five_star:0 four_star:0 one_star:0 three_star:0 two_star:0]]] ;reviews;"item_reviews"
MLB759246813;MLB; unmarshal error in safeschema object: &map[id:item_reviews/MLB759246813/reviews reviews_by_item:map[total_reviews:map[average:0 five_star:0 four_star:0 one_star:0 three_star:0 two_star:0]]] ;reviews;"item_reviews"
MLB759246813;MLB; unmarshal error in safeschema object: &map[id:item_reviews/MLB759246813/reviews reviews_by_item:map[total_reviews:map[average:0 five_star:0 four_star:0 one_star:0 three_star:0 two_star:0]]] ;reviews;"item_reviews"
MLB759246813;MLB; unmarshal error in safeschema object: &map[id:item_reviews/MLB759246813/reviews reviews_by_item:map[total_reviews:map[average:0 five_star:0 four_star:0 one_star:0 three_star:0 two_star:0]]] ;reviews;"item_reviews"
MLB759246813;MLB; unmarshal error in safeschema object: &map[id:item_reviews/MLB759246813/reviews reviews_by_item:map[total_reviews:map[average:0 five_star:0 four_star:0 one_star:0 three_star:0 two_star:0]]] ;reviews;"item_reviews"
MLB759246813;MLB; unmarshal error in safeschema object: &map[id:item_reviews/MLB759246813/reviews reviews_by_item:map[total_reviews:map[average:0 five_star:0 four_star:0 one_star:0 three_star:0 two_star:0]]] ;reviews;"item_reviews"
MLB759246813;MLB; unmarshal error in safeschema object: &map[id:item_reviews/MLB759246813/reviews reviews_by_item:map[total_reviews:map[average:0 five_star:0 four_star:0 one_star:0 three_star:0 two_star:0]]] ;reviews;"item_reviews"
MLB759246813;MLB; unmarshal error in safeschema object: &map[id:item_reviews/MLB759246813/reviews reviews_by_item:map[total_reviews:map[average:0 five_star:0 four_star:0 one_star:0 three_star:0 two_star:0]]] ;reviews;"item_reviews"
MLB759246813;MLB; unmarshal error in safeschema object: &map[id:item_reviews/MLB759246813/reviews reviews_by_item:map[total_reviews:map[average:0 five_star:0 four_star:0 one_star:0 three_star:0 two_star:0]]] ;reviews;"item_reviews"
MLB759246813;MLB; unmarshal error in safeschema object: &map[id:item_reviews/MLB759246813/reviews reviews_by_item:map[total_reviews:map[average:0 five_star:0 four_star:0 one_star:0 three_star:0 two_star:0]]] ;reviews;"item_reviews"
MLB759246813;MLB; unmarshal error in safeschema object: &map[id:item_reviews/MLB759246813/reviews reviews_by_item:map[total_reviews:map[average:0 five_star:0 four_star:0 one_star:0 three_star:0 two_star:0]]] ;reviews;"item_reviews"
MLB759246813;MLB; unmarshal error in safeschema object: &map[id:item_reviews/MLB759246813/reviews reviews_by_item:map[total_reviews:map[average:0 five_star:0 four_star:0 one_star:0 three_star:0 two_star:0]]] ;reviews;"item_reviews"
MLB759246813;MLB; unmarshal error in safeschema object: &map[id:item_reviews/MLB759246813/reviews reviews_by_item:map[total_reviews:map[average:0 five_star:0 four_star:0 one_star:0 three_star:0 two_star:0]]] ;reviews;"item_reviews"
MLB759246813;MLB; unmarshal error in safeschema object: &map[id:item_reviews/MLB759246813/reviews reviews_by_item:map[total_reviews:map[average:0 five_star:0 four_star:0 one_star:0 three_star:0 two_star:0]]] ;reviews;"item_reviews"
MLB759246813;MLB; unmarshal error in safeschema object: &map[id:item_reviews/MLB759246813/reviews reviews_by_item:map[total_reviews:map[average:0 five_star:0 four_star:0 one_star:0 three_star:0 two_star:0]]] ;reviews;"item_reviews"
MLB759246813;MLB; unmarshal error in safeschema object: &map[id:item_reviews/MLB759246813/reviews reviews_by_item:map[total_reviews:map[average:0 five_star:0 four_star:0 one_star:0 three_star:0 two_star:0]]] ;reviews;"item_reviews"
MLB759246813;MLB; unmarshal error in safeschema object: &map[id:item_reviews/MLB759246813/reviews reviews_by_item:map[total_reviews:map[average:0 five_star:0 four_star:0 one_star:0 three_star:0 two_star:0]]] ;reviews;"item_reviews"
MLB759246813;MLB; unmarshal error in safeschema object: &map[id:item_reviews/MLB759246813/reviews reviews_by_item:map[total_reviews:map[average:0 five_star:0 four_star:0 one_star:0 three_star:0 two_star:0]]] ;reviews;"item_reviews"
MLB759246813;MLB; unmarshal error in safeschema object: &map[id:item_reviews/MLB759246813/reviews reviews_by_item:map[total_reviews:map[average:0 five_star:0 four_star:0 one_star:0 three_star:0 two_star:0]]] ;reviews;"item_reviews"
MLB759246813;MLB; unmarshal error in safeschema object: &map[id:item_reviews/MLB759246813/reviews reviews_by_item:map[total_reviews:map[average:0 five_star:0 four_star:0 one_star:0 three_star:0 two_star:0]]] ;reviews;"item_reviews"
MLB759246813;MLB; unmarshal error in safeschema object: &map[id:item_reviews/MLB759246813/reviews reviews_by_item:map[total_reviews:map[average:0 five_star:0 four_star:0 one_star:0 three_star:0 two_star:0]]] ;reviews;"item_reviews"
MLB759246813;MLB; unmarshal error in safeschema object: &map[id:item_reviews/MLB759246813/reviews reviews_by_item:map[total_reviews:map[average:0 five_star:0 four_star:0 one_star:0 three_star:0 two_star:0]]] ;reviews;"item_reviews"
MLB759246813;MLB; unmarshal error in safeschema object: &map[id:item_reviews/MLB759246813/reviews reviews_by_item:map[total_reviews:map[average:0 five_star:0 four_star:0 one_star:0 three_star:0 two_star:0]]] ;reviews;"item_reviews"
MLB759246813;MLB; unmarshal error in safeschema object: &map[id:item_reviews/MLB759246813/reviews reviews_by_item:map[total_reviews:map[average:0 five_star:0 four_star:0 one_star:0 three_star:0 two_star:0]]] ;reviews;"item_reviews"
MLB759246813;MLB; unmarshal error in safeschema object: &map[id:item_reviews/MLB759246813/reviews reviews_by_item:map[total_reviews:map[average:0 five_star:0 four_star:0 one_star:0 three_star:0 two_star:0]]] ;reviews;"item_reviews"
MLB759246813;MLB; unmarshal error in safeschema object: &map[id:item_reviews/MLB759246813/reviews reviews_by_item:map[total_reviews:map[average:0 five_star:0 four_star:0 one_star:0 three_star:0 two_star:0]]] ;reviews;"item_reviews"
MLB759246813;MLB; unmarshal error in safeschema object: &map[id:item_reviews/MLB759246813/reviews reviews_by_item:map[total_reviews:map[average:0 five_star:0 four_star:0 one_star:0 three_star:0 two_star:0]]] ;reviews;"item_reviews"
MLB759246813;MLB; unmarshal error in safeschema object: &map[id:item_reviews/MLB759246813/reviews reviews_by_item:map[total_reviews:map[average:0 five_star:0 four_star:0 one_star:0 three_star:0 two_star:0]]] ;reviews;"item_reviews"
MLB759246813;MLB; unmarshal error in safeschema object: &map[id:item_reviews/MLB759246813/reviews reviews_by_item:map[total_reviews:map[average:0 five_star:0 four_star:0 one_star:0 three_star:0 two_star:0]]] ;reviews;"item_reviews"
MLB759246813;MLB; unmarshal error in safeschema object: &map[id:item_reviews/MLB759246813/reviews reviews_by_item:map[total_reviews:map[average:0 five_star:0 four_star:0 one_star:0 three_star:0 two_star:0]]] ;reviews;"item_reviews"
MLB759246813;MLB; unmarshal error in safeschema object: &map[id:item_reviews/MLB759246813/reviews reviews_by_item:map[total_reviews:map[average:0 five_star:0 four_star:0 one_star:0 three_star:0 two_star:0]]] ;reviews;"item_reviews"
MLB759246813;MLB; unmarshal error in safeschema object: &map[id:item_reviews/MLB759246813/reviews reviews_by_item:map[total_reviews:map[average:0 five_star:0 four_star:0 one_star:0 three_star:0 two_star:0]]] ;reviews;"item_reviews"
MLB759246813;MLB; unmarshal error in safeschema object: &map[id:item_reviews/MLB759246813/reviews reviews_by_item:map[total_reviews:map[average:0 five_star:0 four_star:0 one_star:0 three_star:0 two_star:0]]] ;reviews;"item_reviews"
MLB759246813;MLB; unmarshal error in safeschema object: &map[id:item_reviews/MLB759246813/reviews reviews_by_item:map[total_reviews:map[average:0 five_star:0 four_star:0 one_star:0 three_star:0 two_star:0]]] ;reviews;"item_reviews"
MLB759246813;MLB; unmarshal error in safeschema object: &map[id:item_reviews/MLB759246813/reviews reviews_by_item:map[total_reviews:map[average:0 five_star:0 four_star:0 one_star:0 three_star:0 two_star:0]]] ;reviews;"item_reviews"
MLB759246813;MLB; unmarshal error in safeschema object: &map[id:item_reviews/MLB759246813/reviews reviews_by_item:map[total_reviews:map[average:0 five_star:0 four_star:0 one_star:0 three_star:0 two_star:0]]] ;reviews;"item_reviews"
MLB759246813;MLB; unmarshal error in safeschema object: &map[id:item_reviews/MLB759246813/reviews reviews_by_item:map[total_reviews:map[average:0 five_star:0 four_star:0 one_star:0 three_star:0 two_star:0]]] ;reviews;"item_reviews"
MLB759246813;MLB; unmarshal error in safeschema object: &map[id:item_reviews/MLB759246813/reviews reviews_by_item:map[total_reviews:map[average:0 five_star:0 four_star:0 one_star:0 three_star:0 two_star:0]]] ;reviews;"item_reviews"
MLB759246813;MLB; unmarshal error in safeschema object: &map[id:item_reviews/MLB759246813/reviews reviews_by_item:map[total_reviews:map[average:0 five_star:0 four_star:0 one_star:0 three_star:0 two_star:0]]] ;reviews;"item_reviews"
MLB759246813;MLB; unmarshal error in safeschema object: &map[id:item_reviews/MLB759246813/reviews reviews_by_item:map[total_reviews:map[average:0 five_star:0 four_star:0 one_star:0 three_star:0 two_star:0]]] ;reviews;"item_reviews"
MLB759246813;MLB; unmarshal error in safeschema object: &map[id:item_reviews/MLB759246813/reviews reviews_by_item:map[total_reviews:map[average:0 five_star:0 four_star:0 one_star:0 three_star:0 two_star:0]]] ;reviews;"item_reviews"
MLB759246813;MLB; unmarshal error in safeschema object: &map[id:item_reviews/MLB759246813/reviews reviews_by_item:map[total_reviews:map[average:0 five_star:0 four_star:0 one_star:0 three_star:0 two_star:0]]] ;reviews;"item_reviews"
MLB759246813;MLB; unmarshal error in safeschema object: &map[id:item_reviews/MLB759246813/reviews reviews_by_item:map[total_reviews:map[average:0 five_star:0 four_star:0 one_star:0 three_star:0 two_star:0]]] ;reviews;"item_reviews"
MLB759246813;MLB; unmarshal error in safeschema object: &map[id:item_reviews/MLB759246813/reviews reviews_by_item:map[total_reviews:map[average:0 five_star:0 four_star:0 one_star:0 three_star:0 two_star:0]]] ;reviews;"item_reviews"
MLB759246813;MLB; unmarshal error in safeschema object: &map[id:item_reviews/MLB759246813/reviews reviews_by_item:map[total_reviews:map[average:0 five_star:0 four_star:0 one_star:0 three_star:0 two_star:0]]] ;reviews;"item_reviews"
MLB759246813;MLB; unmarshal error in safeschema object: &map[id:item_reviews/MLB759246813/reviews reviews_by_item:map[total_reviews:map[average:0 five_star:0 four_star:0 one_star:0 three_star:0 two_star:0]]] ;reviews;"item_reviews"
MLB759246813;MLB; unmarshal error in safeschema object: &map[id:item_reviews/MLB759246813/reviews reviews_by_item:map[total_reviews:map[average:0 five_star:0 four_star:0 one_star:0 three_star:0 two_star:0]]] ;reviews;"item_reviews"
MLB759246813;MLB; unmarshal error in safeschema object: &map[id:item_reviews/MLB759246813/reviews reviews_by_item:map[total_reviews:map[average:0 five_star:0 four_star:0 one_star:0 three_star:0 two_star:0]]] ;reviews;"item_reviews"
MLB759246813;MLB; unmarshal error in safeschema object: &map[id:item_reviews/MLB759246813/reviews reviews_by_item:map[total_reviews:map[average:0 five_star:0 four_star:0 one_star:0 three_star:0 two_star:0]]] ;reviews;"item_reviews"
MLB759246813;MLB; unmarshal error in safeschema object: &map[id:item_reviews/MLB759246813/reviews reviews_by_item:map[total_reviews:map[average:0 five_star:0 four_star:0 one_star:0 three_star:0 two_star:0]]] ;reviews;"item_reviews"
MLB759246813;MLB; unmarshal error in safeschema object: &map[id:item_reviews/MLB759246813/reviews reviews_by_item:map[total_reviews:map[average:0 five_star:0 four_star:0 one_star:0 three_star:0 two_star:0]]] ;reviews;"item_reviews"
MLB759246813;MLB; unmarshal error in safeschema object: &map[id:item_reviews/MLB759246813/reviews reviews_by_item:map[total_reviews:map[average:0 five_star:0 four_star:0 one_star:0 three_star:0 two_star:0]]] ;reviews;"item_reviews"
MLB759246813;MLB; unmarshal error in safeschema object: &map[id:item_reviews/MLB759246813/reviews reviews_by_item:map[total_reviews:map[average:0 five_star:0 four_star:0 one_star:0 three_star:0 two_star:0]]] ;reviews;"item_reviews"
MLB759246813;MLB; unmarshal error in safeschema object: &map[id:item_reviews/MLB759246813/reviews reviews_by_item:map[total_reviews:map[average:0 five_star:0 four_star:0 one_star:0 three_star:0 two_star:0]]] ;reviews;"item_reviews"
MLB759246813;MLB; unmarshal error in safeschema object: &map[id:item_reviews/MLB759246813/reviews reviews_by_item:map[total_reviews:map[average:0 five_star:0 four_star:0 one_star:0 three_star:0 two_star:0]]] ;reviews;"item_reviews"
MLB759246813;MLB; unmarshal error in safeschema object: &map[id:item_reviews/MLB759246813/reviews reviews_by_item:map[total_reviews:map[average:0 five_star:0 four_star:0 one_star:0 three_star:0 two_star:0]]] ;reviews;"item_reviews"
MLB759246813;MLB; unmarshal error in safeschema object: &map[id:item_reviews/MLB759246813/reviews reviews_by_item:map[total_reviews:map[average:0 five_star:0 four_star:0 one_star:0 three_star:0 two_star:0]]] ;reviews;"item_reviews"
MLB759246813;MLB; unmarshal error in safeschema object: &map[id:item_reviews/MLB759246813/reviews reviews_by_item:map[total_reviews:map[average:0 five_star:0 four_star:0 one_star:0 three_star:0 two_star:0]]] ;reviews;"item_reviews"
MLB759246813;MLB; unmarshal error in safeschema object: &map[id:item_reviews/MLB759246813/reviews reviews_by_item:map[total_reviews:map[average:0 five_star:0 four_star:0 one_star:0 three_star:0 two_star:0]]] ;reviews;"item_reviews"
MLB759246813;MLB; unmarshal error in safeschema object: &map[id:item_reviews/MLB759246813/reviews reviews_by_item:map[total_reviews:map[average:0 five_star:0 four_star:0 one_star:0 three_star:0 two_star:0]]] ;reviews;"item_reviews"
MLB759246813;MLB; unmarshal error in safeschema object: &map[id:item_reviews/MLB759246813/reviews reviews_by_item:map[total_reviews:map[average:0 five_star:0 four_star:0 one_star:0 three_star:0 two_star:0]]] ;reviews;"item_reviews"
MLB759246813;MLB; unmarshal error in safeschema object: &map[id:item_reviews/MLB759246813/reviews reviews_by_item:map[total_reviews:map[average:0 five_star:0 four_star:0 one_star:0 three_star:0 two_star:0]]] ;reviews;"item_reviews"
MLB759246813;MLB; unmarshal error in safeschema object: &map[id:item_reviews/MLB759246813/reviews reviews_by_item:map[total_reviews:map[average:0 five_star:0 four_star:0 one_star:0 three_star:0 two_star:0]]] ;reviews;"item_reviews"
MLB759246813;MLB; unmarshal error in safeschema object: &map[id:item_reviews/MLB759246813/reviews reviews_by_item:map[total_reviews:map[average:0 five_star:0 four_star:0 one_star:0 three_star:0 two_star:0]]] ;reviews;"item_reviews"
MLB759246813;MLB; unmarshal error in safeschema object: &map[id:item_reviews/MLB759246813/reviews reviews_by_item:map[total_reviews:map[average:0 five_star:0 four_star:0 one_star:0 three_star:0 two_star:0]]] ;reviews;"item_reviews"
MLB759246813;MLB; unmarshal error in safeschema object: &map[id:item_reviews/MLB759246813/reviews reviews_by_item:map[total_reviews:map[average:0 five_star:0 four_star:0 one_star:0 three_star:0 two_star:0]]] ;reviews;"item_reviews"
MLB759246813;MLB; unmarshal error in safeschema object: &map[id:item_reviews/MLB759246813/reviews reviews_by_item:map[total_reviews:map[average:0 five_star:0 four_star:0 one_star:0 three_star:0 two_star:0]]] ;reviews;"item_reviews"
MLB759246813;MLB; unmarshal error in safeschema object: &map[id:item_reviews/MLB759246813/reviews reviews_by_item:map[total_reviews:map[average:0 five_star:0 four_star:0 one_star:0 three_star:0 two_star:0]]] ;reviews;"item_reviews"
MLB759246813;MLB; unmarshal error in safeschema object: &map[id:item_reviews/MLB759246813/reviews reviews_by_item:map[total_reviews:map[average:0 five_star:0 four_star:0 one_star:0 three_star:0 two_star:0]]] ;reviews;"item_reviews"
MLB759246813;MLB; unmarshal error in safeschema object: &map[id:item_reviews/MLB759246813/reviews reviews_by_item:map[total_reviews:map[average:0 five_star:0 four_star:0 one_star:0 three_star:0 two_star:0]]] ;reviews;"item_reviews"
MLB759246813;MLB; unmarshal error in safeschema object: &map[id:item_reviews/MLB759246813/reviews reviews_by_item:map[total_reviews:map[average:0 five_star:0 four_star:0 one_star:0 three_star:0 two_star:0]]] ;reviews;"item_reviews"
MLB759246813;MLB; unmarshal error in safeschema object: &map[id:item_reviews/MLB759246813/reviews reviews_by_item:map[total_reviews:map[average:0 five_star:0 four_star:0 one_star:0 three_star:0 two_star:0]]] ;reviews;"item_reviews"
MLB759246813;MLB; unmarshal error in safeschema object: &map[id:item_reviews/MLB759246813/reviews reviews_by_item:map[total_reviews:map[average:0 five_star:0 four_star:0 one_star:0 three_star:0 two_star:0]]] ;reviews;"item_reviews"
MLB759246813;MLB; unmarshal error in safeschema object: &map[id:item_reviews/MLB759246813/reviews reviews_by_item:map[total_reviews:map[average:0 five_star:0 four_star:0 one_star:0 three_star:0 two_star:0]]] ;reviews;"item_reviews"
MLB759246813;MLB; unmarshal error in safeschema object: &map[id:item_reviews/MLB759246813/reviews reviews_by_item:map[total_reviews:map[average:0 five_star:0 four_star:0 one_star:0 three_star:0 two_star:0]]] ;reviews;"item_reviews"
MLB759246813;MLB; unmarshal error in safeschema object: &map[id:item_reviews/MLB759246813/reviews reviews_by_item:map[total_reviews:map[average:0 five_star:0 four_star:0 one_star:0 three_star:0 two_star:0]]] ;reviews;"item_reviews"
MLB759246813;MLB; unmarshal error in safeschema object: &map[id:item_reviews/MLB759246813/reviews reviews_by_item:map[total_reviews:map[average:0 five_star:0 four_star:0 one_star:0 three_star:0 two_star:0]]] ;reviews;"item_reviews"
MLB759246813;MLB; unmarshal error in safeschema object: &map[id:item_reviews/MLB759246813/reviews reviews_by_item:map[total_reviews:map[average:0 five_star:0 four_star:0 one_star:0 three_star:0 two_star:0]]] ;reviews;"item_reviews"
MLB759246813;MLB; unmarshal error in safeschema object: &map[id:item_reviews/MLB759246813/reviews reviews_by_item:map[total_reviews:map[average:0 five_star:0 four_star:0 one_star:0 three_star:0 two_star:0]]] ;reviews;"item_reviews"
MLB759246813;MLB; unmarshal error in safeschema object: &map[id:item_reviews/MLB759246813/reviews reviews_by_item:map[total_reviews:map[average:0 five_star:0 four_star:0 one_star:0 three_star:0 two_star:0]]] ;reviews;"item_reviews"
MLB759246813;MLB; unmarshal error in safeschema object: &map[id:item_reviews/MLB759246813/reviews reviews_by_item:map[total_reviews:map[average:0 five_star:0 four_star:0 one_star:0 three_star:0 two_star:0]]] ;reviews;"item_reviews"
MLB759246813;MLB; unmarshal error in safeschema object: &map[id:item_reviews/MLB759246813/reviews reviews_by_item:map[total_reviews:map[average:0 five_star:0 four_star:0 one_star:0 three_star:0 two_star:0]]] ;reviews;"item_reviews"
MLB759246813;MLB; unmarshal error in safeschema object: &map[id:item_reviews/MLB759246813/reviews reviews_by_item:map[total_reviews:map[average:0 five_star:0 four_star:0 one_star:0 three_star:0 two_star:0]]] ;reviews;"item_reviews"
MLB759246813;MLB; unmarshal error in safeschema object: &map[id:item_reviews/MLB759246813/reviews reviews_by_item:map[total_reviews:map[average:0 five_star:0 four_star:0 one_star:0 three_star:0 two_star:0]]] ;reviews;"item_reviews"
MLB759246813;MLB; unmarshal error in safeschema object: &map[id:item_reviews/MLB759246813/reviews reviews_by_item:map[total_reviews:map[average:0 five_star:0 four_star:0 one_star:0 three_star:0 two_star:0]]] ;reviews;"item_reviews"
MLB759246813;MLB; unmarshal error in safeschema object: &map[id:item_reviews/MLB759246813/reviews reviews_by_item:map[total_reviews:map[average:0 five_star:0 four_star:0 one_star:0 three_star:0 two_star:0]]] ;reviews;"item_reviews"
MLB759246813;MLB; unmarshal error in safeschema object: &map[id:item_reviews/MLB759246813/reviews reviews_by_item:map[total_reviews:map[average:0 five_star:0 four_star:0 one_star:0 three_star:0 two_star:0]]] ;reviews;"item_reviews"
MLB759246813;MLB; unmarshal error in safeschema object: &map[id:item_reviews/MLB759246813/reviews reviews_by_item:map[total_reviews:map[average:0 five_star:0 four_star:0 one_star:0 three_star:0 two_star:0]]] ;reviews;"item_reviews"
MLB759246813;MLB; unmarshal error in safeschema object: &map[id:item_reviews/MLB759246813/reviews reviews_by_item:map[total_reviews:map[average:0 five_star:0 four_star:0 one_star:0 three_star:0 two_star:0]]] ;reviews;"item_reviews"
MLB759246813;MLB; unmarshal error in safeschema object: &map[id:item_reviews/MLB759246813/reviews reviews_by_item:map[total_reviews:map[average:0 five_star:0 four_star:0 one_star:0 three_star:0 two_star:0]]] ;reviews;"item_reviews"
MLB759246813;MLB; unmarshal error in safeschema object: &map[id:item_reviews/MLB759246813/reviews reviews_by_item:map[total_reviews:map[average:0 five_star:0 four_star:0 one_star:0 three_star:0 two_star:0]]] ;reviews;"item_reviews"
MLB759246813;MLB; unmarshal error in safeschema object: &map[id:item_reviews/MLB759246813/reviews reviews_by_item:map[total_reviews:map[average:0 five_star:0 four_star:0 one_star:0 three_star:0 two_star:0]]] ;reviews;"item_reviews"
MLB759246813;MLB; unmarshal error in safeschema object: &map[id:item_reviews/MLB759246813/reviews reviews_by_item:map[total_reviews:map[average:0 five_star:0 four_star:0 one_star:0 three_star:0 two_star:0]]] ;reviews;"item_reviews"
MLB759246813;MLB; unmarshal error in safeschema object: &map[id:item_reviews/MLB759246813/reviews reviews_by_item:map[total_reviews:map[average:0 five_star:0 four_star:0 one_star:0 three_star:0 two_star:0]]] ;reviews;"item_reviews"
MLB759246813;MLB; unmarshal error in safeschema object: &map[id:item_reviews/MLB759246813/reviews reviews_by_item:map[total_reviews:map[average:0 five_star:0 four_star:0 one_star:0 three_star:0 two_star:0]]] ;reviews;"item_reviews"
MLB759246813;MLB; unmarshal error in safeschema object: &map[id:item_reviews/MLB759246813/reviews reviews_by_item:map[total_reviews:map[average:0 five_star:0 four_star:0 one_star:0 three_star:0 two_star:0]]] ;reviews;"item_reviews"
MLB759246813;MLB; unmarshal error in safeschema object: &map[id:item_reviews/MLB759246813/reviews reviews_by_item:map[total_reviews:map[average:0 five_star:0 four_star:0 one_star:0 three_star:0 two_star:0]]] ;reviews;"item_reviews"
MLB759246813;MLB; unmarshal error in safeschema object: &map[id:item_reviews/MLB759246813/reviews reviews_by_item:map[total_reviews:map[average:0 five_star:0 four_star:0 one_star:0 three_star:0 two_star:0]]] ;reviews;"item_reviews"
